﻿<?xml version="1.0" encoding="utf-8"?>
<manifest>
  <control namespace="KimleyHorn" constructor="TinyMCEComponent" version="0.3.17" display-name-key="TinyMCEComponent" description-key="TinyMCEComponent description" control-type="standard">
    <!-- property node identifies a specific, configurable piece of data that the control expects from CDS -->
    <property name="htmlText" display-name-key="Text" description-key="Property_Desc_Key" of-type="Multiple" usage="bound" required="true" />
    <property name="editorHeight" display-name-key="Editor Height" description-key="Property_Editor_Height" of-type="SingleLine.Text" usage="input" required="false" default-value="100%" />
    <property name="fontFamily" display-name-key="Font Family" description-key="Property_Font_Family" of-type="SingleLine.Text" usage="input" required="true" default-value="Segoe UI" />
    <property name="fontSize" display-name-key="Font Size" description-key="Property_Font_Size" of-type="Whole.None" usage="input" required="true" default-value="12" />
    <property name="autoResize" display-name-key="Auto-Resize" description-key="Property_Auto_Resize" of-type="TwoOptions" usage="input" required="true" default-value="0" />
    <!-- 
      Property node's of-type attribute can be of-type-group attribute. 
      Example:
      <type-group name="numbers"> 
        <type>Whole.None</type>
        <type>Currency</type>
        <type>FP</type>
        <type>Decimal</type>
      </type-group>
      <property name="sampleProperty" display-name-key="Property_Display_Key" description-key="Property_Desc_Key" of-type-group="numbers" usage="bound" required="true" />
    -->
    <resources>
      <code path="index.ts" order="1" />
      <css path="skins/content/default/content.css" order="1" />
      <css path="skins/ui/oxide/content.min.css" order="1" />
      <css path="skins/ui/oxide/skin.min.css" order="1" />
      <!-- UNCOMMENT TO ADD MORE RESOURCES
      <css path="css/TinyMCEComponent.css" order="1" />
      <resx path="strings/TinyMCEComponent.1033.resx" version="1.0.0" />
      -->
    </resources>
    <!-- UNCOMMENT TO ENABLE THE SPECIFIED API
    <feature-usage>
      <uses-feature name="Device.captureAudio" required="true" />
      <uses-feature name="Device.captureImage" required="true" />
      <uses-feature name="Device.captureVideo" required="true" />
      <uses-feature name="Device.getBarcodeValue" required="true" />
      <uses-feature name="Device.getCurrentPosition" required="true" />
      <uses-feature name="Device.pickFile" required="true" />
      <uses-feature name="Utility" required="true" />
      <uses-feature name="WebAPI" required="true" />
    </feature-usage>
    -->
  </control>
</manifest>
